plate	channel	row	col	molecule_name	batch_name	chem_id	chem_m	compound_class	luci	corrected	luci_norm	efdr	cell_line
Plate01	Luminescence	B	9	OCNT-2318616	AA-004	OCNT-2318616||NA|NA|AA-004	5.153544711123203e-9	Library	128923	NA	0.042607430281395534	NA	c6385
Plate01	Luminescence	B	18	OCNT-2311117	AA-004	OCNT-2311117||NA|NA|AA-004	5.153544711123203e-9	Library	123844	NA	0.030074726820095987	NA	c6385
Plate01	Luminescence	B	21	OCNT-2318311	AA-004	OCNT-2318311||NA|NA|AA-004	5.153544711123203e-9	Library	117853	NA	0.015291614704198759	NA	c6385
Plate01	Luminescence	C	9	OCNT-2318616	AA-004	OCNT-2318616||NA|NA|AA-004	1.544134450876894e-8	Library	114600	NA	0.007264663658795125	NA	c6385
Plate01	Luminescence	C	18	OCNT-2311117	AA-004	OCNT-2311117||NA|NA|AA-004	1.544134450876894e-8	Library	107011	NA	-0.01146159870934808	NA	c6385
Plate01	Luminescence	C	21	OCNT-2318311	AA-004	OCNT-2318311||NA|NA|AA-004	1.544134450876894e-8	Library	92704	NA	-0.046764884478358686	NA	c6385
Plate01	Luminescence	D	9	OCNT-2318616	AA-004	OCNT-2318616||NA|NA|AA-004	4.632403352630681e-8	Library	132975	NA	0.05260595645292169	NA	c6385
Plate01	Luminescence	D	18	OCNT-2311117	AA-004	OCNT-2311117||NA|NA|AA-004	4.632403352630681e-8	Library	127027	NA	0.03792894913104641	NA	c6385
Plate01	Luminescence	D	21	OCNT-2318311	AA-004	OCNT-2318311||NA|NA|AA-004	4.632403352630681e-8	Library	99966	NA	-0.028845512055449878	NA	c6385
Plate01	Luminescence	E	9	OCNT-2318616	AA-004	OCNT-2318616||NA|NA|AA-004	1.544134450876893e-7	Library	170586	NA	0.14541310547495753	NA	c6385
Plate01	Luminescence	E	18	OCNT-2311117	AA-004	OCNT-2311117||NA|NA|AA-004	1.544134450876893e-7	Library	170186	NA	0.14442608413522115	NA	c6385
Plate01	Luminescence	E	21	OCNT-2318311	AA-004	OCNT-2318311||NA|NA|AA-004	1.544134450876893e-7	Library	124329	NA	0.03127149019452625	NA	c6385
Plate01	Luminescence	F	9	OCNT-2318616	AA-004	OCNT-2318616||NA|NA|AA-004	4.022399861865047e-7	Library	278609	NA	0.41196562093073724	NA	c6385
Plate01	Luminescence	F	18	OCNT-2311117	AA-004	OCNT-2311117||NA|NA|AA-004	4.022399861865047e-7	Library	264674	NA	0.37758026500768066	NA	c6385
Plate01	Luminescence	F	21	OCNT-2318311	AA-004	OCNT-2318311||NA|NA|AA-004	4.022399861865047e-7	Library	176722	NA	0.16055401282650913	NA	c6385
Plate01	Luminescence	G	9	OCNT-2318616	AA-004	OCNT-2318616||NA|NA|AA-004	1.608959944746019e-6	Library	345905	NA	0.5780220911279372	NA	c6385
Plate01	Luminescence	G	18	OCNT-2311117	AA-004	OCNT-2311117||NA|NA|AA-004	1.608959944746019e-6	Library	406069	NA	0.7264799708376428	NA	c6385
Plate01	Luminescence	G	21	OCNT-2318311	AA-004	OCNT-2318311||NA|NA|AA-004	1.608959944746019e-6	Library	309595	NA	0.48842522901339425	NA	c6385
Plate01	Luminescence	H	9	OCNT-2318616	AA-004	OCNT-2318616||NA|NA|AA-004	4.826879834238057e-6	Library	355440	NA	0.6015502123138962	NA	c6385
Plate01	Luminescence	H	18	OCNT-2311117	AA-004	OCNT-2311117||NA|NA|AA-004	4.826879834238057e-6	Library	467917	NA	0.8790932103876372	NA	c6385
Plate01	Luminescence	H	21	OCNT-2318311	AA-004	OCNT-2318311||NA|NA|AA-004	4.826879834238057e-6	Library	376381	NA	0.6532232470024311	NA	c6385
Plate01	Luminescence	I	9	OCNT-2318616	AA-004	OCNT-2318616||NA|NA|AA-004	1.65016501650165e-5	Library	365639	NA	0.6267167889238185	NA	c6385
Plate01	Luminescence	I	18	OCNT-2311117	AA-004	OCNT-2311117||NA|NA|AA-004	1.65016501650165e-5	Library	577233	NA	1.1488362723241143	NA	c6385
Plate01	Luminescence	I	21	OCNT-2318311	AA-004	OCNT-2318311||NA|NA|AA-004	1.65016501650165e-5	Library	267749	NA	0.385167991556903	NA	c6385
Plate01	Luminescence	J	9	OCNT-2318616	AA-004	OCNT-2318616||NA|NA|AA-004	4.950495049504951e-5	Library	149668	NA	0.0937968245134582	NA	c6385
Plate01	Luminescence	J	18	OCNT-2311117	AA-004	OCNT-2311117||NA|NA|AA-004	4.950495049504951e-5	Library	462514	NA	0.8657610196411534	NA	c6385
Plate01	Luminescence	J	21	OCNT-2318311	AA-004	OCNT-2318311||NA|NA|AA-004	4.950495049504951e-5	Library	123559	NA	0.02937147411553413	NA	c6385
Plate01	Luminescence	K	6	C-11		C-11	NA	Negative Control	121219	NA	0.023597399278078055	NA	c6385
Plate01	Luminescence	K	7	C-11		C-11	NA	Negative Control	100621	NA	-0.027229264611631845	NA	c6385
Plate01	Luminescence	K	8	C-11		C-11	NA	Negative Control	108523	NA	-0.007730658045145433	NA	c6385
Plate01	Luminescence	K	9	C-11		C-11	NA	Negative Control	99394	NA	-0.030256952571272273	NA	c6385
Plate01	Luminescence	K	10	C-11		C-11	NA	Negative Control	115085	NA	0.008461427033225031	NA	c6385
Plate01	Luminescence	K	11	C-11		C-11	NA	Negative Control	121248	NA	0.023668958325209207	NA	c6385
Plate01	Luminescence	K	12	C-11		C-11	NA	Negative Control	127981	NA	0.04028299502631664	NA	c6385
Plate01	Luminescence	K	13	C-11		C-11	NA	Negative Control	123828	NA	0.03003524596650672	NA	c6385
Plate01	Luminescence	K	14	C-11		C-11	NA	Negative Control	126755	NA	0.037257774620025656	NA	c6385
Plate01	Luminescence	K	15	C-11		C-11	NA	Negative Control	116968	NA	0.01310782999003294	NA	c6385
Plate01	Luminescence	K	16	C-11		C-11	NA	Negative Control	97718	NA	-0.034392571984766716	NA	c6385
Plate01	Luminescence	K	17	C-11		C-11	NA	Negative Control	116084	NA	0.010926512829216067	NA	c6385
Plate01	Luminescence	K	18	C-11		C-11	NA	Negative Control	127240	NA	0.03845453799445588	NA	c6385
Plate01	Luminescence	K	19	C-11		C-11	NA	Negative Control	135029	NA	0.05767431103246681	NA	c6385
Plate01	Luminescence	K	20	C-11		C-11	NA	Negative Control	102732	NA	-0.022020259491174577	NA	c6385
Plate01	Luminescence	K	21	C-11		C-11	NA	Negative Control	96313	NA	-0.037859484440589605	NA	c6385
Plate01	Luminescence	K	22	C-11		C-11	NA	Negative Control	115672	NA	0.009909880849287928	NA	c6385
Plate01	Luminescence	K	23	C-11		C-11	NA	Negative Control	103616	NA	-0.019838942330357774	NA	c6385
Plate01	Luminescence	K	24	C-11		C-11	NA	Negative Control	130464	NA	0.04640992999272844	NA	c6385
Plate01	Luminescence	L	5	OCNT-2316441	AA-004	OCNT-2316441||NA|NA|AA-004	5.153544711123203e-9	Library	105927	NA	-0.014136426540032677	NA	c6385
Plate01	Luminescence	L	16	OCNT-2308531	AA-004	OCNT-2308531||NA|NA|AA-004	5.153544711123203e-9	Library	105414	NA	-0.015402281408244145	NA	c6385
Plate01	Luminescence	L	25	C-11		C-11	NA	Negative Control	98196	NA	-0.03321308148378219	NA	c6385
Plate01	Luminescence	L	26	C-11		C-11	NA	Negative Control	119593	NA	0.01958515753205091	NA	c6385
Plate01	Luminescence	L	27	C-11		C-11	NA	Negative Control	128581	NA	0.04176352703592085	NA	c6385
Plate01	Luminescence	L	28	C-11		C-11	NA	Negative Control	110398	NA	-0.0031039955151324606	NA	c6385
Plate01	Luminescence	L	29	C-11		C-11	NA	Negative Control	147375	NA	0.08813872468342118	NA	c6385
Plate01	Luminescence	L	30	C-11		C-11	NA	Negative Control	115285	NA	0.008954937703093293	NA	c6385
Plate01	Luminescence	L	31	C-11		C-11	NA	Negative Control	139480	NA	0.0686573909903799	NA	c6385
Plate01	Luminescence	L	32	C-11		C-11	NA	Negative Control	116112	NA	0.010995604322997593	NA	c6385
Plate01	Luminescence	L	33	C-11		C-11	NA	Negative Control	130064	NA	0.04542290865299252	NA	c6385
Plate01	Luminescence	L	34	C-11		C-11	NA	Negative Control	114605	NA	0.0072770014255416834	NA	c6385
Plate01	Luminescence	L	35	C-11		C-11	NA	Negative Control	117482	NA	0.014376152411593929	NA	c6385
Plate01	Luminescence	L	36	C-11		C-11	NA	Negative Control	123901	NA	0.030215377361008666	NA	c6385
Plate01	Luminescence	L	37	C-11		C-11	NA	Negative Control	115399	NA	0.009236238784918187	NA	c6385
Plate01	Luminescence	L	38	C-11		C-11	NA	Negative Control	104558	NA	-0.017514507075279562	NA	c6385
Plate01	Luminescence	L	39	C-11		C-11	NA	Negative Control	139138	NA	0.0678134877449059	NA	c6385
Plate01	Luminescence	L	40	C-11		C-11	NA	Negative Control	171870	NA	0.14858144397551004	NA	c6385
Plate01	Luminescence	L	41	C-11		C-11	NA	Negative Control	110977	NA	-0.0016752821258644657	NA	c6385
Plate01	Luminescence	L	42	C-11		C-11	NA	Negative Control	119308	NA	0.01888190482748912	NA	c6385
Plate01	Luminescence	L	43	C-11		C-11	NA	Negative Control	157601	NA	0.11337192523377476	NA	c6385
Plate01	Luminescence	M	5	OCNT-2316441	AA-004	OCNT-2316441||NA|NA|AA-004	1.544134450876894e-8	Library	135457	NA	0.05873042386598465	NA	c6385
Plate01	Luminescence	M	16	OCNT-2308531	AA-004	OCNT-2308531||NA|NA|AA-004	1.544134450876894e-8	Library	124301	NA	0.031202398700744545	NA	c6385
Plate01	Luminescence	M	32	OCNT-2317134	AA-004	OCNT-2317134||NA|NA|AA-004	5.153544711123203e-9	Library	108723	NA	-0.007237147375277458	NA	c6385
Plate01	Luminescence	N	5	OCNT-2316441	AA-004	OCNT-2316441||NA|NA|AA-004	4.632403352630681e-8	Library	117881	NA	0.015360706197980465	NA	c6385
Plate01	Luminescence	N	16	OCNT-2308531	AA-004	OCNT-2308531||NA|NA|AA-004	4.632403352630681e-8	Library	128124	NA	0.0406358551552724	NA	c6385
Plate01	Luminescence	N	32	OCNT-2317134	AA-004	OCNT-2317134||NA|NA|AA-004	1.544134450876894e-8	Library	129123	NA	0.043100940951263544	NA	c6385
Plate01	Luminescence	O	5	OCNT-2316441	AA-004	OCNT-2316441||NA|NA|AA-004	1.544134450876893e-7	Library	162481	NA	0.12541358557855517	NA	c6385
Plate01	Luminescence	O	16	OCNT-2308531	AA-004	OCNT-2308531||NA|NA|AA-004	1.544134450876893e-7	Library	164180	NA	0.12960595871908415	NA	c6385
Plate01	Luminescence	O	32	OCNT-2317134	AA-004	OCNT-2317134||NA|NA|AA-004	4.632403352630681e-8	Library	145558	NA	0.08365518024766984	NA	c6385
Plate01	Luminescence	P	5	OCNT-2316441	AA-004	OCNT-2316441||NA|NA|AA-004	4.022399861865047e-7	Library	251340	NA	0.344677908647578	NA	c6385
Plate01	Luminescence	P	16	OCNT-2308531	AA-004	OCNT-2308531||NA|NA|AA-004	4.022399861865047e-7	Library	305539	NA	0.4784168326284704	NA	c6385
Plate01	Luminescence	P	32	OCNT-2317134	AA-004	OCNT-2317134||NA|NA|AA-004	1.544134450876893e-7	Library	254253	NA	0.3518658915542068	NA	c6385
Plate01	Luminescence	Q	5	OCNT-2316441	AA-004	OCNT-2316441||NA|NA|AA-004	1.608959944746019e-6	Library	409212	NA	0.7342354910146203	NA	c6385
Plate01	Luminescence	Q	16	OCNT-2308531	AA-004	OCNT-2308531||NA|NA|AA-004	1.608959944746019e-6	Library	483525	NA	0.9176067830641413	NA	c6385
Plate01	Luminescence	Q	32	OCNT-2317134	AA-004	OCNT-2317134||NA|NA|AA-004	4.022399861865047e-7	Library	406155	NA	0.7266921804256866	NA	c6385
Plate01	Luminescence	R	5	OCNT-2316441	AA-004	OCNT-2316441||NA|NA|AA-004	4.826879834238057e-6	Library	475806	NA	0.8985597387605829	NA	c6385
Plate01	Luminescence	R	16	OCNT-2308531	AA-004	OCNT-2308531||NA|NA|AA-004	4.826879834238057e-6	Library	546149	NA	1.0721348440132241	NA	c6385
Plate01	Luminescence	R	32	OCNT-2317134	AA-004	OCNT-2317134||NA|NA|AA-004	1.608959944746019e-6	Library	496504	NA	0.9496331579852271	NA	c6385
Plate01	Luminescence	S	5	OCNT-2316441	AA-004	OCNT-2316441||NA|NA|AA-004	1.65016501650165e-5	Library	486269	NA	0.9243777494547308	NA	c6385
Plate01	Luminescence	S	16	OCNT-2308531	AA-004	OCNT-2308531||NA|NA|AA-004	1.65016501650165e-5	Library	686520	NA	1.418507775213462	NA	c6385
Plate01	Luminescence	S	32	OCNT-2317134	AA-004	OCNT-2317134||NA|NA|AA-004	4.826879834238057e-6	Library	551289	NA	1.084818068228831	NA	c6385
Plate01	Luminescence	T	5	OCNT-2316441	AA-004	OCNT-2316441||NA|NA|AA-004	4.950495049504951e-5	Library	219103	NA	0.2651313913248975	NA	c6385
Plate01	Luminescence	T	16	OCNT-2308531	AA-004	OCNT-2308531||NA|NA|AA-004	4.950495049504951e-5	Library	556237	NA	1.0970275222013677	NA	c6385
Plate01	Luminescence	T	32	OCNT-2317134	AA-004	OCNT-2317134||NA|NA|AA-004	1.65016501650165e-5	Library	570737	NA	1.132807045766801	NA	c6385
Plate01	Luminescence	U	6	C-11		C-11	NA	Negative Control	100283	NA	-0.02806329764370913	NA	c6385
Plate01	Luminescence	U	7	C-11		C-11	NA	Negative Control	111376	NA	-6.907283394780001e-4	NA	c6385
Plate01	Luminescence	U	8	C-11		C-11	NA	Negative Control	115182	NA	0.008700779708110926	NA	c6385
Plate01	Luminescence	U	9	C-11		C-11	NA	Negative Control	105214	NA	-0.015895792078112193	NA	c6385
Plate01	Luminescence	U	10	C-11		C-11	NA	Negative Control	102932	NA	-0.021526748821306674	NA	c6385
Plate01	Luminescence	U	11	C-11		C-11	NA	Negative Control	92034	NA	-0.04841814522241639	NA	c6385
Plate01	Luminescence	U	12	C-11		C-11	NA	Negative Control	95429	NA	-0.040040801601406474	NA	c6385
Plate01	Luminescence	U	13	C-11		C-11	NA	Negative Control	103902	NA	-0.0191332220724469	NA	c6385
Plate01	Luminescence	U	14	C-11		C-11	NA	Negative Control	90665	NA	-0.051796225757663523	NA	c6385
Plate01	Luminescence	U	15	C-11		C-11	NA	Negative Control	89837	NA	-0.053839359930917055	NA	c6385
Plate01	Luminescence	U	16	C-11		C-11	NA	Negative Control	114515	NA	0.0070549216241010985	NA	c6385
Plate01	Luminescence	U	17	C-11		C-11	NA	Negative Control	97625	NA	-0.034622054446255185	NA	c6385
Plate01	Luminescence	U	18	C-11		C-11	NA	Negative Control	99109	NA	-0.03096020527583442	NA	c6385
Plate01	Luminescence	U	19	C-11		C-11	NA	Negative Control	115342	NA	0.009095588244005758	NA	c6385
Plate01	Luminescence	U	20	C-11		C-11	NA	Negative Control	97872	NA	-0.03401256876896843	NA	c6385
Plate01	Luminescence	U	21	C-11		C-11	NA	Negative Control	96655	NA	-0.03701558119511524	NA	c6385
Plate01	Luminescence	U	22	C-11		C-11	NA	Negative Control	113316	NA	0.00409632515824241	NA	c6385
Plate01	Luminescence	U	23	C-11		C-11	NA	Negative Control	103474	NA	-0.02018933490596416	NA	c6385
Plate01	Luminescence	U	24	C-11		C-11	NA	Negative Control	115542	NA	0.009589098913873804	NA	c6385
Plate01	Luminescence	U	32	OCNT-2317134	AA-004	OCNT-2317134||NA|NA|AA-004	4.950495049504951e-5	Library	440963	NA	0.8125827774095226	NA	c6385
Plate01	Luminescence	V	10	OCNT-2308748	AA-004	OCNT-2308748||NA|NA|AA-004	5.153544711123203e-9	Library	92120	NA	-0.0482059356343732	NA	c6385
Plate01	Luminescence	V	15	OCNT-2309356	AA-004	OCNT-2309356||NA|NA|AA-004	5.153544711123203e-9	Library	92291	NA	-0.047783984011636055	NA	c6385
Plate01	Luminescence	V	17	OCNT-2318048	AA-004	OCNT-2318048||NA|NA|AA-004	5.153544711123203e-9	Library	92348	NA	-0.04764333347072355	NA	c6385
Plate01	Luminescence	V	25	C-11		C-11	NA	Negative Control	101077	NA	-0.026104060284332698	NA	c6385
Plate01	Luminescence	V	26	C-11		C-11	NA	Negative Control	104490	NA	-0.017682300703034736	NA	c6385
Plate01	Luminescence	V	27	C-11		C-11	NA	Negative Control	100375	NA	-0.027836282735569828	NA	c6385
Plate01	Luminescence	V	28	C-11		C-11	NA	Negative Control	98110	NA	-0.03342529107182549	NA	c6385
Plate01	Luminescence	V	29	C-11		C-11	NA	Negative Control	109607	NA	-0.005055830214460549	NA	c6385
Plate01	Luminescence	V	30	C-11		C-11	NA	Negative Control	86785	NA	-0.06137033275310345	NA	c6385
Plate01	Luminescence	V	31	C-11		C-11	NA	Negative Control	111861	NA	5.060350349521923e-4	NA	c6385
Plate01	Luminescence	V	32	C-11		C-11	NA	Negative Control	116341	NA	0.01156067403999622	NA	c6385
Plate01	Luminescence	V	33	C-11		C-11	NA	Negative Control	119279	NA	0.018810345780357896	NA	c6385
Plate01	Luminescence	V	34	C-11		C-11	NA	Negative Control	100022	NA	-0.028707329067887002	NA	c6385
Plate01	Luminescence	V	35	C-11		C-11	NA	Negative Control	93338	NA	-0.04520045565487694	NA	c6385
Plate01	Luminescence	V	36	C-11		C-11	NA	Negative Control	87555	NA	-0.059470316674111616	NA	c6385
Plate01	Luminescence	V	37	C-11		C-11	NA	Negative Control	96278	NA	-0.03794584880781669	NA	c6385
Plate01	Luminescence	V	38	C-11		C-11	NA	Negative Control	107582	NA	-0.010052625746874449	NA	c6385
Plate01	Luminescence	V	39	C-11		C-11	NA	Negative Control	106070	NA	-0.01378356641107688	NA	c6385
Plate01	Luminescence	V	40	C-11		C-11	NA	Negative Control	111062	NA	-0.001465540091170582	NA	c6385
Plate01	Luminescence	V	41	C-11		C-11	NA	Negative Control	103338	NA	-0.020524922161474755	NA	c6385
Plate01	Luminescence	V	42	C-11		C-11	NA	Negative Control	95543	NA	-0.03975950051958169	NA	c6385
Plate01	Luminescence	V	43	C-11		C-11	NA	Negative Control	107125	NA	-0.01118029762752297	NA	c6385
Plate01	Luminescence	W	10	OCNT-2308748	AA-004	OCNT-2308748||NA|NA|AA-004	1.544134450876894e-8	Library	113316	NA	0.00409632515824241	NA	c6385
Plate01	Luminescence	W	15	OCNT-2309356	AA-004	OCNT-2309356||NA|NA|AA-004	1.544134450876894e-8	Library	119565	NA	0.019516066038269417	NA	c6385
Plate01	Luminescence	W	17	OCNT-2318048	AA-004	OCNT-2318048||NA|NA|AA-004	1.544134450876894e-8	Library	122104	NA	0.025781183992244376	NA	c6385
Plate01	Luminescence	W	27	OCNT-2313188	AA-004	OCNT-2313188||NA|NA|AA-004	5.153544711123203e-9	Library	109196	NA	-0.006069994641039708	NA	c6385
Plate01	Luminescence	W	43	OCNT-2310554	AA-004	OCNT-2310554||NA|NA|AA-004	5.153544711123203e-9	Library	104872	NA	-0.01673969532358648	NA	c6385
Plate01	Luminescence	X	10	OCNT-2308748	AA-004	OCNT-2308748||NA|NA|AA-004	4.632403352630681e-8	Library	122075	NA	0.025709624945113186	NA	c6385
Plate01	Luminescence	X	15	OCNT-2309356	AA-004	OCNT-2309356||NA|NA|AA-004	4.632403352630681e-8	Library	168245	NA	0.13963656308415162	NA	c6385
Plate01	Luminescence	X	17	OCNT-2318048	AA-004	OCNT-2318048||NA|NA|AA-004	4.632403352630681e-8	Library	140080	NA	0.07013792299998448	NA	c6385
Plate01	Luminescence	X	27	OCNT-2313188	AA-004	OCNT-2313188||NA|NA|AA-004	1.544134450876894e-8	Library	99565	NA	-0.02983500094853531	NA	c6385
Plate01	Luminescence	X	43	OCNT-2310554	AA-004	OCNT-2310554||NA|NA|AA-004	1.544134450876894e-8	Library	106669	NA	-0.012305501954822188	NA	c6385
Plate01	Luminescence	Y	10	OCNT-2308748	AA-004	OCNT-2308748||NA|NA|AA-004	1.544134450876893e-7	Library	150923	NA	0.09689360396688054	NA	c6385
Plate01	Luminescence	Y	15	OCNT-2309356	AA-004	OCNT-2309356||NA|NA|AA-004	1.544134450876893e-7	Library	236980	NA	0.3092438425510532	NA	c6385
Plate01	Luminescence	Y	17	OCNT-2318048	AA-004	OCNT-2318048||NA|NA|AA-004	1.544134450876893e-7	Library	210202	NA	0.24316769896241977	NA	c6385
Plate01	Luminescence	Y	27	OCNT-2313188	AA-004	OCNT-2313188||NA|NA|AA-004	4.632403352630681e-8	Library	109265	NA	-0.005899733459934765	NA	c6385
Plate01	Luminescence	Y	43	OCNT-2310554	AA-004	OCNT-2310554||NA|NA|AA-004	4.632403352630681e-8	Library	129323	NA	0.043594451621131375	NA	c6385
Plate01	Luminescence	Z	10	OCNT-2308748	AA-004	OCNT-2308748||NA|NA|AA-004	4.022399861865047e-7	Library	203677	NA	0.2270669133579749	NA	c6385
Plate01	Luminescence	Z	15	OCNT-2309356	AA-004	OCNT-2309356||NA|NA|AA-004	4.022399861865047e-7	Library	385410	NA	0.6755027861936229	NA	c6385
Plate01	Luminescence	Z	17	OCNT-2318048	AA-004	OCNT-2318048||NA|NA|AA-004	4.022399861865047e-7	Library	347984	NA	0.5831521345412163	NA	c6385
Plate01	Luminescence	Z	27	OCNT-2313188	AA-004	OCNT-2313188||NA|NA|AA-004	1.544134450876893e-7	Library	118195	NA	0.016135517949673012	NA	c6385
Plate01	Luminescence	Z	43	OCNT-2310554	AA-004	OCNT-2310554||NA|NA|AA-004	1.544134450876893e-7	Library	156545	NA	0.1107661888968709	NA	c6385
Plate01	Luminescence	AA	10	OCNT-2308748	AA-004	OCNT-2308748||NA|NA|AA-004	1.608959944746019e-6	Library	357583	NA	0.6068381791415332	NA	c6385
Plate01	Luminescence	AA	15	OCNT-2309356	AA-004	OCNT-2309356||NA|NA|AA-004	1.608959944746019e-6	Library	417824	NA	0.7554860604591378	NA	c6385
Plate01	Luminescence	AA	17	OCNT-2318048	AA-004	OCNT-2318048||NA|NA|AA-004	1.608959944746019e-6	Library	500478	NA	0.9594392149955046	NA	c6385
Plate01	Luminescence	AA	27	OCNT-2313188	AA-004	OCNT-2313188||NA|NA|AA-004	4.022399861865047e-7	Library	156773	NA	0.11132879106052047	NA	c6385
Plate01	Luminescence	AA	43	OCNT-2310554	AA-004	OCNT-2310554||NA|NA|AA-004	4.022399861865047e-7	Library	253253	NA	0.34939833820486643	NA	c6385
Plate01	Luminescence	AB	10	OCNT-2308748	AA-004	OCNT-2308748||NA|NA|AA-004	4.826879834238057e-6	Library	433470	NA	0.7940934001629154	NA	c6385
Plate01	Luminescence	AB	15	OCNT-2309356	AA-004	OCNT-2309356||NA|NA|AA-004	4.826879834238057e-6	Library	418585	NA	0.7573638685579865	NA	c6385
Plate01	Luminescence	AB	17	OCNT-2318048	AA-004	OCNT-2318048||NA|NA|AA-004	4.826879834238057e-6	Library	543168	NA	1.0647790674788404	NA	c6385
Plate01	Luminescence	AB	27	OCNT-2313188	AA-004	OCNT-2313188||NA|NA|AA-004	1.608959944746019e-6	Library	289232	NA	0.4381784401607792	NA	c6385
Plate01	Luminescence	AB	43	OCNT-2310554	AA-004	OCNT-2310554||NA|NA|AA-004	1.608959944746019e-6	Library	431474	NA	0.7891681636776325	NA	c6385
Plate01	Luminescence	AC	10	OCNT-2308748	AA-004	OCNT-2308748||NA|NA|AA-004	1.65016501650165e-5	Library	557588	NA	1.1003611867763263	NA	c6385
Plate01	Luminescence	AC	15	OCNT-2309356	AA-004	OCNT-2309356||NA|NA|AA-004	1.65016501650165e-5	Library	409498	NA	0.7349412112725313	NA	c6385
Plate01	Luminescence	AC	17	OCNT-2318048	AA-004	OCNT-2318048||NA|NA|AA-004	1.65016501650165e-5	Library	603516	NA	1.213690977004824	NA	c6385
Plate01	Luminescence	AC	27	OCNT-2313188	AA-004	OCNT-2313188||NA|NA|AA-004	4.826879834238057e-6	Library	307196	NA	0.4825055685283269	NA	c6385
Plate01	Luminescence	AC	43	OCNT-2310554	AA-004	OCNT-2310554||NA|NA|AA-004	4.826879834238057e-6	Library	531500	NA	1.0359876549987375	NA	c6385
Plate01	Luminescence	AD	10	OCNT-2308748	AA-004	OCNT-2308748||NA|NA|AA-004	4.950495049504951e-5	Library	515259	NA	0.9959121210521031	NA	c6385
Plate01	Luminescence	AD	15	OCNT-2309356	AA-004	OCNT-2309356||NA|NA|AA-004	4.950495049504951e-5	Library	139138	NA	0.0678134877449059	NA	c6385
Plate01	Luminescence	AD	17	OCNT-2318048	AA-004	OCNT-2318048||NA|NA|AA-004	4.950495049504951e-5	Library	555121	NA	1.0942737326635046	NA	c6385
Plate01	Luminescence	AD	27	OCNT-2313188	AA-004	OCNT-2313188||NA|NA|AA-004	1.65016501650165e-5	Library	183639	NA	0.17762207934389523	NA	c6385
Plate01	Luminescence	AD	43	OCNT-2310554	AA-004	OCNT-2310554||NA|NA|AA-004	1.65016501650165e-5	Library	671754	NA	1.3820718824571019	NA	c6385
Plate01	Luminescence	AE	27	OCNT-2313188	AA-004	OCNT-2313188||NA|NA|AA-004	4.950495049504951e-5	Library	96969	NA	-0.036240769443422555	NA	c6385
Plate01	Luminescence	AE	43	OCNT-2310554	AA-004	OCNT-2310554||NA|NA|AA-004	4.950495049504951e-5	Library	700916	NA	1.4540306732305641	NA	c6385
Plate02	Luminescence	K	6	C-11		C-11	NA	Negative Control	113174	NA	0.022122012741036264	NA	c6385
Plate02	Luminescence	K	7	C-11		C-11	NA	Negative Control	95514	NA	-0.02663320275791011	NA	c6385
Plate02	Luminescence	K	8	C-11		C-11	NA	Negative Control	118871	NA	0.037850125011563304	NA	c6385
Plate02	Luminescence	K	9	C-11		C-11	NA	Negative Control	107639	NA	0.006841145369197943	NA	c6385
Plate02	Luminescence	K	10	C-11		C-11	NA	Negative Control	104872	NA	-7.979079312315195e-4	NA	c6385
Plate02	Luminescence	K	11	C-11		C-11	NA	Negative Control	98766	NA	-0.017655175532396324	NA	c6385
Plate02	Luminescence	K	12	C-11		C-11	NA	Negative Control	118823	NA	0.03771760800454441	NA	c6385
Plate02	Luminescence	K	13	C-11		C-11	NA	Negative Control	108438	NA	0.009047001381862315	NA	c6385
Plate02	Luminescence	K	14	C-11		C-11	NA	Negative Control	109216	NA	0.011194881203956467	NA	c6385
Plate02	Luminescence	K	15	C-11		C-11	NA	Negative Control	108381	NA	0.008889637436027702	NA	c6385
Plate02	Luminescence	K	16	C-11		C-11	NA	Negative Control	120734	NA	0.04299344134647473	NA	c6385
Plate02	Luminescence	K	17	C-11		C-11	NA	Negative Control	124757	NA	0.05410002299722578	NA	c6385
Plate02	Luminescence	K	18	C-11		C-11	NA	Negative Control	102161	NA	-0.008282358056806046	NA	c6385
Plate02	Luminescence	K	19	C-11		C-11	NA	Negative Control	102418	NA	-0.007572839915060652	NA	c6385
Plate02	Luminescence	K	20	C-11		C-11	NA	Negative Control	103702	NA	-0.004028009977311393	NA	c6385
Plate02	Luminescence	K	21	C-11		C-11	NA	Negative Control	108121	NA	0.008171836981343442	NA	c6385
Plate02	Luminescence	K	22	C-11		C-11	NA	Negative Control	116055	NA	0.030075793933135475	NA	c6385
Plate02	Luminescence	K	23	C-11		C-11	NA	Negative Control	111781	NA	0.018276258766515917	NA	c6385
Plate02	Luminescence	K	24	C-11		C-11	NA	Negative Control	101983	NA	-0.00877377529116689	NA	c6385
Plate02	Luminescence	L	7	OCNT-2315472	AA-004	OCNT-2315472||NA|NA|AA-004	5.153544711123203e-9	Library	96798	NA	-0.023088372820161334	NA	c6385
Plate02	Luminescence	L	12	OCNT-2315327	AA-004	OCNT-2315327||NA|NA|AA-004	5.153544711123203e-9	Library	96199	NA	-0.024742074636915044	NA	c6385
Plate02	Luminescence	L	25	C-11		C-11	NA	Negative Control	100335	NA	-0.013323525865474122	NA	c6385
Plate02	Luminescence	L	26	C-11		C-11	NA	Negative Control	103588	NA	-0.0043427378689808996	NA	c6385
Plate02	Luminescence	L	27	C-11		C-11	NA	Negative Control	106783	NA	0.004477925410698437	NA	c6385
Plate02	Luminescence	L	28	C-11		C-11	NA	Negative Control	103017	NA	-0.00591913809830674	NA	c6385
Plate02	Luminescence	L	29	C-11		C-11	NA	Negative Control	117401	NA	0.03379179167161692	NA	c6385
Plate02	Luminescence	L	30	C-11		C-11	NA	Negative Control	113117	NA	0.021964648795201974	NA	c6385
Plate02	Luminescence	L	31	C-11		C-11	NA	Negative Control	100820	NA	-0.011984551940389998	NA	c6385
Plate02	Luminescence	L	32	C-11		C-11	NA	Negative Control	107068	NA	0.00526474513987158	NA	c6385
Plate02	Luminescence	L	33	C-11		C-11	NA	Negative Control	112860	NA	0.021255130653455898	NA	c6385
Plate02	Luminescence	L	34	C-11		C-11	NA	Negative Control	101933	NA	-0.008911813840144696	NA	c6385
Plate02	Luminescence	L	35	C-11		C-11	NA	Negative Control	96855	NA	-0.022931008874326402	NA	c6385
Plate02	Luminescence	L	36	C-11		C-11	NA	Negative Control	106882	NA	0.004751241737674654	NA	c6385
Plate02	Luminescence	L	37	C-11		C-11	NA	Negative Control	125670	NA	0.0566206069015599	NA	c6385
Plate02	Luminescence	L	38	C-11		C-11	NA	Negative Control	115171	NA	0.027635272387208337	NA	c6385
Plate02	Luminescence	L	39	C-11		C-11	NA	Negative Control	115057	NA	0.027320544495538873	NA	c6385
Plate02	Luminescence	L	40	C-11		C-11	NA	Negative Control	121961	NA	0.04638090733838889	NA	c6385
Plate02	Luminescence	L	41	C-11		C-11	NA	Negative Control	110513	NA	0.014775601164439864	NA	c6385
Plate02	Luminescence	L	42	C-11		C-11	NA	Negative Control	109693	NA	0.01251176896120443	NA	c6385
Plate02	Luminescence	L	43	C-11		C-11	NA	Negative Control	106754	NA	0.004397863052291494	NA	c6385
Plate02	Luminescence	M	7	OCNT-2315472	AA-004	OCNT-2315472||NA|NA|AA-004	1.544134450876894e-8	Library	123131	NA	0.049611009384468524	NA	c6385
Plate02	Luminescence	M	12	OCNT-2315327	AA-004	OCNT-2315327||NA|NA|AA-004	1.544134450876894e-8	Library	104016	NA	-0.0031611278897308247	NA	c6385
Plate02	Luminescence	N	7	OCNT-2315472	AA-004	OCNT-2315472||NA|NA|AA-004	4.632403352630681e-8	Library	143686	NA	0.10635865686922785	NA	c6385
Plate02	Luminescence	N	12	OCNT-2315327	AA-004	OCNT-2315327||NA|NA|AA-004	4.632403352630681e-8	Library	103274	NA	-0.005209619956561106	NA	c6385
Plate02	Luminescence	O	7	OCNT-2315472	AA-004	OCNT-2315472||NA|NA|AA-004	1.544134450876893e-7	Library	220479	NA	0.3183665427022187	NA	c6385
Plate02	Luminescence	O	12	OCNT-2315327	AA-004	OCNT-2315327||NA|NA|AA-004	1.544134450876893e-7	Library	141335	NA	0.09986808429629379	NA	c6385
Plate02	Luminescence	P	7	OCNT-2315472	AA-004	OCNT-2315472||NA|NA|AA-004	4.022399861865047e-7	Library	292488	NA	0.5171669001690178	NA	c6385
Plate02	Luminescence	P	12	OCNT-2315327	AA-004	OCNT-2315327||NA|NA|AA-004	4.022399861865047e-7	Library	200069	NA	0.26201920700949544	NA	c6385
Plate02	Luminescence	Q	7	OCNT-2315472	AA-004	OCNT-2315472||NA|NA|AA-004	1.608959944746019e-6	Library	368325	NA	0.7265354889455533	NA	c6385
Plate02	Luminescence	Q	12	OCNT-2315327	AA-004	OCNT-2315327||NA|NA|AA-004	1.608959944746019e-6	Library	353669	NA	0.6860736294691899	NA	c6385
Plate02	Luminescence	R	7	OCNT-2315472	AA-004	OCNT-2315472||NA|NA|AA-004	4.826879834238057e-6	Library	364611	NA	0.716281985527484	NA	c6385
Plate02	Luminescence	R	12	OCNT-2315327	AA-004	OCNT-2315327||NA|NA|AA-004	4.826879834238057e-6	Library	407955	NA	0.8359448428653298	NA	c6385
Plate02	Luminescence	S	7	OCNT-2315472	AA-004	OCNT-2315472||NA|NA|AA-004	1.65016501650165e-5	Library	397822	NA	0.8079699505294964	NA	c6385
Plate02	Luminescence	S	12	OCNT-2315327	AA-004	OCNT-2315327||NA|NA|AA-004	1.65016501650165e-5	Library	451652	NA	0.9565822523589576	NA	c6385
Plate02	Luminescence	T	7	OCNT-2315472	AA-004	OCNT-2315472||NA|NA|AA-004	4.950495049504951e-5	Library	319963	NA	0.593019082832299	NA	c6385
Plate02	Luminescence	T	12	OCNT-2315327	AA-004	OCNT-2315327||NA|NA|AA-004	4.950495049504951e-5	Library	233780	NA	0.3550875575012843	NA	c6385
Plate02	Luminescence	U	6	C-11		C-11	NA	Negative Control	108580	NA	0.00943903086095945	NA	c6385
Plate02	Luminescence	U	7	C-11		C-11	NA	Negative Control	113145	NA	0.02204195038262952	NA	c6385
Plate02	Luminescence	U	8	C-11		C-11	NA	Negative Control	102903	NA	-0.0062338659899760455	NA	c6385
Plate02	Luminescence	U	9	C-11		C-11	NA	Negative Control	107068	NA	0.00526474513987158	NA	c6385
Plate02	Luminescence	U	10	C-11		C-11	NA	Negative Control	111003	NA	0.016128378944421807	NA	c6385
Plate02	Luminescence	U	11	C-11		C-11	NA	Negative Control	107439	NA	0.00628899117328668	NA	c6385
Plate02	Luminescence	U	12	C-11		C-11	NA	Negative Control	114144	NA	0.024799960591205036	NA	c6385
Plate02	Luminescence	U	13	C-11		C-11	NA	Negative Control	107182	NA	0.005579473031540966	NA	c6385
Plate02	Luminescence	U	14	C-11		C-11	NA	Negative Control	97140	NA	-0.02214418914515362	NA	c6385
Plate02	Luminescence	U	15	C-11		C-11	NA	Negative Control	105043	NA	-3.2581609372780247e-4	NA	c6385
Plate02	Luminescence	U	16	C-11		C-11	NA	Negative Control	114771	NA	0.026530963995386094	NA	c6385
Plate02	Luminescence	U	17	C-11		C-11	NA	Negative Control	112831	NA	0.021175068295049074	NA	c6385
Plate02	Luminescence	U	18	C-11		C-11	NA	Negative Control	91549	NA	-0.03757965969184716	NA	c6385
Plate02	Luminescence	U	19	C-11		C-11	NA	Negative Control	97739	NA	-0.020490487328399948	NA	c6385
Plate02	Luminescence	U	20	C-11		C-11	NA	Negative Control	105499	NA	9.330954729492582e-4	NA	c6385
Plate02	Luminescence	U	21	C-11		C-11	NA	Negative Control	90665	NA	-0.04002018123777421	NA	c6385
Plate02	Luminescence	U	22	C-11		C-11	NA	Negative Control	93803	NA	-0.03135688190392941	NA	c6385
Plate02	Luminescence	U	23	C-11		C-11	NA	Negative Control	101119	NA	-0.011159081417502558	NA	c6385
Plate02	Luminescence	U	24	C-11		C-11	NA	Negative Control	103930	NA	-0.0033985541939728224	NA	c6385
Plate02	Luminescence	V	21	OCNT-2315950	AA-004	OCNT-2315950||NA|NA|AA-004	5.153544711123203e-9	Library	86300	NA	-0.0520709465635329	NA	c6385
Plate02	Luminescence	V	25	C-11		C-11	NA	Negative Control	89794	NA	-0.042424812760966525	NA	c6385
Plate02	Luminescence	V	26	C-11		C-11	NA	Negative Control	103131	NA	-0.005604410206637556	NA	c6385
Plate02	Luminescence	V	27	C-11		C-11	NA	Negative Control	95657	NA	-0.026238412507834145	NA	c6385
Plate02	Luminescence	V	28	C-11		C-11	NA	Negative Control	102790	NA	-0.006545833110665996	NA	c6385
Plate02	Luminescence	V	29	C-11		C-11	NA	Negative Control	86443	NA	-0.05167615631345665	NA	c6385
Plate02	Luminescence	V	30	C-11		C-11	NA	Negative Control	109037	NA	0.010700703198616227	NA	c6385
Plate02	Luminescence	V	31	C-11		C-11	NA	Negative Control	102760	NA	-0.006628656240052776	NA	c6385
Plate02	Luminescence	V	32	C-11		C-11	NA	Negative Control	100849	NA	-0.011904489581982652	NA	c6385
Plate02	Luminescence	V	33	C-11		C-11	NA	Negative Control	92690	NA	-0.03442962000417455	NA	c6385
Plate02	Luminescence	V	34	C-11		C-11	NA	Negative Control	93261	NA	-0.032853219774848265	NA	c6385
Plate02	Luminescence	V	35	C-11		C-11	NA	Negative Control	90208	NA	-0.04128185357543071	NA	c6385
Plate02	Luminescence	V	36	C-11		C-11	NA	Negative Control	95657	NA	-0.026238412507834145	NA	c6385
Plate02	Luminescence	V	37	C-11		C-11	NA	Negative Control	87156	NA	-0.049707726605033475	NA	c6385
Plate02	Luminescence	V	38	C-11		C-11	NA	Negative Control	86443	NA	-0.05167615631345665	NA	c6385
Plate02	Luminescence	V	39	C-11		C-11	NA	Negative Control	91378	NA	-0.03805175152935107	NA	c6385
Plate02	Luminescence	V	40	C-11		C-11	NA	Negative Control	114885	NA	0.02684569188705576	NA	c6385
Plate02	Luminescence	V	41	C-11		C-11	NA	Negative Control	107724	NA	0.007075810902460145	NA	c6385
Plate02	Luminescence	V	42	C-11		C-11	NA	Negative Control	103360	NA	-0.004972193652319189	NA	c6385
Plate02	Luminescence	V	43	C-11		C-11	NA	Negative Control	101191	NA	-0.010960305906974737	NA	c6385
Plate02	Luminescence	W	21	OCNT-2315950	AA-004	OCNT-2315950||NA|NA|AA-004	1.544134450876894e-8	Library	90807	NA	-0.039628151758677316	NA	c6385
Plate02	Luminescence	X	21	OCNT-2315950	AA-004	OCNT-2315950||NA|NA|AA-004	4.632403352630681e-8	Library	83167	NA	-0.060720442042479804	NA	c6385
Plate02	Luminescence	Y	21	OCNT-2315950	AA-004	OCNT-2315950||NA|NA|AA-004	1.544134450876893e-7	Library	100706	NA	-0.012299279832059062	NA	c6385
Plate02	Luminescence	Z	21	OCNT-2315950	AA-004	OCNT-2315950||NA|NA|AA-004	4.022399861865047e-7	Library	129380	NA	0.06686306723570962	NA	c6385
Plate02	Luminescence	AA	21	OCNT-2315950	AA-004	OCNT-2315950||NA|NA|AA-004	1.608959944746019e-6	Library	200611	NA	0.26351554488041395	NA	c6385
Plate02	Luminescence	AB	21	OCNT-2315950	AA-004	OCNT-2315950||NA|NA|AA-004	4.826879834238057e-6	Library	288118	NA	0.50510233098836	NA	c6385
Plate02	Luminescence	AC	21	OCNT-2315950	AA-004	OCNT-2315950||NA|NA|AA-004	1.65016501650165e-5	Library	300781	NA	0.5400619739024691	NA	c6385
Plate02	Luminescence	AD	21	OCNT-2315950	AA-004	OCNT-2315950||NA|NA|AA-004	4.950495049504951e-5	Library	116683	NA	0.03180955810829613	NA	c6385
Plate03	Luminescence	K	6	C-11		C-11	NA	Negative Control	107125	NA	-0.0010637120213772477	NA	c6385
Plate03	Luminescence	K	7	C-11		C-11	NA	Negative Control	97369	NA	-0.028180440018305743	NA	c6385
Plate03	Luminescence	K	8	C-11		C-11	NA	Negative Control	120135	NA	0.03509748429268923	NA	c6385
Plate03	Luminescence	K	9	C-11		C-11	NA	Negative Control	104158	NA	-0.009310466015523421	NA	c6385
Plate03	Luminescence	K	10	C-11		C-11	NA	Negative Control	109351	NA	0.005123438093543076	NA	c6385
Plate03	Luminescence	K	11	C-11		C-11	NA	Negative Control	110720	NA	0.008928563209142792	NA	c6385
Plate03	Luminescence	K	12	C-11		C-11	NA	Negative Control	111120	NA	0.010040360174986954	NA	c6385
Plate03	Luminescence	K	13	C-11		C-11	NA	Negative Control	112147	NA	0.012894898884790293	NA	c6385
Plate03	Luminescence	K	14	C-11		C-11	NA	Negative Control	118438	NA	0.03038068566509751	NA	c6385
Plate03	Luminescence	K	15	C-11		C-11	NA	Negative Control	105727	NA	-0.004949442417001119	NA	c6385
Plate03	Luminescence	K	16	C-11		C-11	NA	Negative Control	111662	NA	0.011546845063704705	NA	c6385
Plate03	Luminescence	K	17	C-11		C-11	NA	Negative Control	109379	NA	0.0052012638811517724	NA	c6385
Plate03	Luminescence	K	18	C-11		C-11	NA	Negative Control	109879	NA	0.006591010088456702	NA	c6385
Plate03	Luminescence	K	19	C-11		C-11	NA	Negative Control	112147	NA	0.012894898884790293	NA	c6385
Plate03	Luminescence	K	20	C-11		C-11	NA	Negative Control	109522	NA	0.005598731296440901	NA	c6385
Plate03	Luminescence	K	21	C-11		C-11	NA	Negative Control	117139	NA	0.02677012501852008	NA	c6385
Plate03	Luminescence	K	22	C-11		C-11	NA	Negative Control	110484	NA	0.008272602999295404	NA	c6385
Plate03	Luminescence	K	23	C-11		C-11	NA	Negative Control	105326	NA	-0.006064018875259647	NA	c6385
Plate03	Luminescence	K	24	C-11		C-11	NA	Negative Control	102732	NA	-0.013274022198755826	NA	c6385
Plate03	Luminescence	L	25	C-11		C-11	NA	Negative Control	98224	NA	-0.025803974003814838	NA	c6385
Plate03	Luminescence	L	26	C-11		C-11	NA	Negative Control	100535	NA	-0.019380567033652603	NA	c6385
Plate03	Luminescence	L	27	C-11		C-11	NA	Negative Control	106070	NA	-0.00399607651879001	NA	c6385
Plate03	Luminescence	L	28	C-11		C-11	NA	Negative Control	102390	NA	-0.014224608604552488	NA	c6385
Plate03	Luminescence	L	29	C-11		C-11	NA	Negative Control	98652	NA	-0.02461435125036202	NA	c6385
Plate03	Luminescence	L	30	C-11		C-11	NA	Negative Control	94459	NA	-0.0362687629448187	NA	c6385
Plate03	Luminescence	L	31	C-11		C-11	NA	Negative Control	103141	NA	-0.01213720980118103	NA	c6385
Plate03	Luminescence	L	32	C-11		C-11	NA	Negative Control	105870	NA	-0.004551975001712071	NA	c6385
Plate03	Luminescence	L	33	C-11		C-11	NA	Negative Control	107839	NA	9.208455626537057e-4	NA	c6385
Plate03	Luminescence	L	34	C-11		C-11	NA	Negative Control	118823	NA	0.03145079024472209	NA	c6385
Plate03	Luminescence	L	35	C-11		C-11	NA	Negative Control	103251	NA	-0.011831465635573968	NA	c6385
Plate03	Luminescence	L	36	C-11		C-11	NA	Negative Control	100221	NA	-0.02025332765183988	NA	c6385
Plate03	Luminescence	L	37	C-11		C-11	NA	Negative Control	104529	NA	-0.008279274329703252	NA	c6385
Plate03	Luminescence	L	38	C-11		C-11	NA	Negative Control	114885	NA	0.020505149115990856	NA	c6385
Plate03	Luminescence	L	39	C-11		C-11	NA	Negative Control	120877	NA	0.037159867664329695	NA	c6385
Plate03	Luminescence	L	40	C-11		C-11	NA	Negative Control	113231	NA	0.01590786866222713	NA	c6385
Plate03	Luminescence	L	41	C-11		C-11	NA	Negative Control	110977	NA	0.009642892759697664	NA	c6385
Plate03	Luminescence	L	42	C-11		C-11	NA	Negative Control	116198	NA	0.024154622656372856	NA	c6385
Plate03	Luminescence	L	43	C-11		C-11	NA	Negative Control	113488	NA	0.016622198212781797	NA	c6385
Plate03	Luminescence	U	6	C-11		C-11	NA	Negative Control	121954	NA	0.04015338099486406	NA	c6385
Plate03	Luminescence	U	7	C-11		C-11	NA	Negative Control	119080	NA	0.03216511979527675	NA	c6385
Plate03	Luminescence	U	8	C-11		C-11	NA	Negative Control	105100	NA	-0.006692184160961266	NA	c6385
Plate03	Luminescence	U	9	C-11		C-11	NA	Negative Control	116569	NA	0.025185814342193025	NA	c6385
Plate03	Luminescence	U	10	C-11		C-11	NA	Negative Control	112860	NA	0.014876676976406678	NA	c6385
Plate03	Luminescence	U	11	C-11		C-11	NA	Negative Control	119393	NA	0.03303510092104955	NA	c6385
Plate03	Luminescence	U	12	C-11		C-11	NA	Negative Control	114400	NA	0.01915709529490531	NA	c6385
Plate03	Luminescence	U	13	C-11		C-11	NA	Negative Control	112041	NA	0.012600272688841627	NA	c6385
Plate03	Luminescence	U	14	C-11		C-11	NA	Negative Control	109151	NA	0.004567539610621097	NA	c6385
Plate03	Luminescence	U	15	C-11		C-11	NA	Negative Control	96627	NA	-0.030242823389945918	NA	c6385
Plate03	Luminescence	U	16	C-11		C-11	NA	Negative Control	104044	NA	-0.009627328150788435	NA	c6385
Plate03	Luminescence	U	17	C-11		C-11	NA	Negative Control	111954	NA	0.012358456848771023	NA	c6385
Plate03	Luminescence	U	18	C-11		C-11	NA	Negative Control	99679	NA	-0.021759812540558036	NA	c6385
Plate03	Luminescence	U	19	C-11		C-11	NA	Negative Control	111349	NA	0.010676863937932523	NA	c6385
Plate03	Luminescence	U	20	C-11		C-11	NA	Negative Control	102932	NA	-0.01271812371583413	NA	c6385
Plate03	Luminescence	U	21	C-11		C-11	NA	Negative Control	96912	NA	-0.029450668051782068	NA	c6385
Plate03	Luminescence	U	22	C-11		C-11	NA	Negative Control	106070	NA	-0.00399607651879001	NA	c6385
Plate03	Luminescence	U	23	C-11		C-11	NA	Negative Control	102304	NA	-0.014463644952208764	NA	c6385
Plate03	Luminescence	U	24	C-11		C-11	NA	Negative Control	94516	NA	-0.036110331877186014	NA	c6385
Plate03	Luminescence	V	25	C-11		C-11	NA	Negative Control	86785	NA	-0.05759858773453041	NA	c6385
Plate03	Luminescence	V	26	C-11		C-11	NA	Negative Control	96681	NA	-0.03009273079955665	NA	c6385
Plate03	Luminescence	V	27	C-11		C-11	NA	Negative Control	90522	NA	-0.04721162458113544	NA	c6385
Plate03	Luminescence	V	28	C-11		C-11	NA	Negative Control	101790	NA	-0.015892304053318144	NA	c6385
Plate03	Luminescence	V	29	C-11		C-11	NA	Negative Control	97055	NA	-0.0290532006364931	NA	c6385
Plate03	Luminescence	V	30	C-11		C-11	NA	Negative Control	107582	NA	2.0651601209923908e-4	NA	c6385
Plate03	Luminescence	V	31	C-11		C-11	NA	Negative Control	109779	NA	0.006313060846995691	NA	c6385
Plate03	Luminescence	V	32	C-11		C-11	NA	Negative Control	107182	NA	-9.052809537447609e-4	NA	c6385
Plate03	Luminescence	V	33	C-11		C-11	NA	Negative Control	109370	NA	0.005176248449420572	NA	c6385
Plate03	Luminescence	V	34	C-11		C-11	NA	Negative Control	109094	NA	0.004409108542988367	NA	c6385
Plate03	Luminescence	V	35	C-11		C-11	NA	Negative Control	99451	NA	-0.02239353681108932	NA	c6385
Plate03	Luminescence	V	36	C-11		C-11	NA	Negative Control	106327	NA	-0.0032817469682354223	NA	c6385
Plate03	Luminescence	V	37	C-11		C-11	NA	Negative Control	103453	NA	-0.011270008167822851	NA	c6385
Plate03	Luminescence	V	38	C-11		C-11	NA	Negative Control	107953	NA	0.0012377076979192458	NA	c6385
Plate03	Luminescence	V	39	C-11		C-11	NA	Negative Control	118423	NA	0.030338993278878127	NA	c6385
Plate03	Luminescence	V	40	C-11		C-11	NA	Negative Control	120346	NA	0.035683957192171795	NA	c6385
Plate03	Luminescence	V	41	C-11		C-11	NA	Negative Control	114317	NA	0.01892639742449274	NA	c6385
Plate03	Luminescence	V	42	C-11		C-11	NA	Negative Control	107211	NA	-8.246756737211318e-4	NA	c6385
Plate03	Luminescence	V	43	C-11		C-11	NA	Negative Control	101077	NA	-0.017874082144934245	NA	c6385
Plate04	Luminescence	C	34	OCNT-2395416	AA-001	OCNT-2395416||NA|NA|AA-001	5.153544711123203e-9	Library	92918	NA	-0.025120831560250804	NA	c6385
Plate04	Luminescence	D	34	OCNT-2395416	AA-001	OCNT-2395416||NA|NA|AA-001	1.544134450876894e-8	Library	94259	NA	-0.021760001090136896	NA	c6385
Plate04	Luminescence	E	34	OCNT-2395416	AA-001	OCNT-2395416||NA|NA|AA-001	4.632403352630681e-8	Library	92462	NA	-0.02626366429281726	NA	c6385
Plate04	Luminescence	F	34	OCNT-2395416	AA-001	OCNT-2395416||NA|NA|AA-001	1.544134450876893e-7	Library	84503	NA	-0.04621060665794558	NA	c6385
Plate04	Luminescence	G	34	OCNT-2395416	AA-001	OCNT-2395416||NA|NA|AA-001	4.022399861865047e-7	Library	98852	NA	-0.010248968764086454	NA	c6385
Plate04	Luminescence	H	34	OCNT-2395416	AA-001	OCNT-2395416||NA|NA|AA-001	1.608959944746019e-6	Library	122617	NA	0.04931116257242219	NA	c6385
Plate04	Luminescence	I	34	OCNT-2395416	AA-001	OCNT-2395416||NA|NA|AA-001	4.826879834238057e-6	Library	205578	NA	0.257229027323446	NA	c6385
Plate04	Luminescence	J	34	OCNT-2395416	AA-001	OCNT-2395416||NA|NA|AA-001	1.65016501650165e-5	Library	303233	NA	0.5019731731541525	NA	c6385
Plate04	Luminescence	K	6	C-11		C-11	NA	Negative Control	119908	NA	0.04252183390460764	NA	c6385
Plate04	Luminescence	K	7	C-11		C-11	NA	Negative Control	106983	NA	0.010129042087887064	NA	c6385
Plate04	Luminescence	K	8	C-11		C-11	NA	Negative Control	113174	NA	0.02564500140218616	NA	c6385
Plate04	Luminescence	K	9	C-11		C-11	NA	Negative Control	112689	NA	0.02442948851776791	NA	c6385
Plate04	Luminescence	K	10	C-11		C-11	NA	Negative Control	115256	NA	0.0308629350627213	NA	c6385
Plate04	Luminescence	K	11	C-11		C-11	NA	Negative Control	112403	NA	0.023712711847780895	NA	c6385
Plate04	Luminescence	K	12	C-11		C-11	NA	Negative Control	110606	NA	0.01920904864509995	NA	c6385
Plate04	Luminescence	K	13	C-11		C-11	NA	Negative Control	115656	NA	0.03186541991584981	NA	c6385
Plate04	Luminescence	K	14	C-11		C-11	NA	Negative Control	111975	NA	0.022640053054933232	NA	c6385
Plate04	Luminescence	K	15	C-11		C-11	NA	Negative Control	116968	NA	0.03515357023411215	NA	c6385
Plate04	Luminescence	K	16	C-11		C-11	NA	Negative Control	111034	NA	0.020281707437948014	NA	c6385
Plate04	Luminescence	K	17	C-11		C-11	NA	Negative Control	101049	NA	-0.004742820708276995	NA	c6385
Plate04	Luminescence	K	18	C-11		C-11	NA	Negative Control	114286	NA	0.028431909293884037	NA	c6385
Plate04	Luminescence	K	19	C-11		C-11	NA	Negative Control	106412	NA	0.008697994960045998	NA	c6385
Plate04	Luminescence	K	20	C-11		C-11	NA	Negative Control	112860	NA	0.024858050792480137	NA	c6385
Plate04	Luminescence	K	21	C-11		C-11	NA	Negative Control	105128	NA	0.005480018581502856	NA	c6385
Plate04	Luminescence	K	22	C-11		C-11	NA	Negative Control	104843	NA	0.004765748123648443	NA	c6385
Plate04	Luminescence	K	23	C-11		C-11	NA	Negative Control	98053	NA	-0.012251432258210983	NA	c6385
Plate04	Luminescence	K	24	C-11		C-11	NA	Negative Control	105442	NA	0.006266969191208698	NA	c6385
Plate04	Luminescence	K	34	OCNT-2395416	AA-001	OCNT-2395416||NA|NA|AA-001	4.950495049504951e-5	Library	290032	NA	0.4688886667887723	NA	c6385
Plate04	Luminescence	L	25	C-11		C-11	NA	Negative Control	97369	NA	-0.01396568135706123	NA	c6385
Plate04	Luminescence	L	26	C-11		C-11	NA	Negative Control	88642	NA	-0.035837394640196425	NA	c6385
Plate04	Luminescence	L	27	C-11		C-11	NA	Negative Control	97711	NA	-0.013108556807636089	NA	c6385
Plate04	Luminescence	L	28	C-11		C-11	NA	Negative Control	106526	NA	0.008983703143187603	NA	c6385
Plate04	Luminescence	L	29	C-11		C-11	NA	Negative Control	98253	NA	-0.011750189831646636	NA	c6385
Plate04	Luminescence	L	30	C-11		C-11	NA	Negative Control	88982	NA	-0.03498528251503685	NA	c6385
Plate04	Luminescence	L	31	C-11		C-11	NA	Negative Control	99534	NA	-0.008539732089501923	NA	c6385
Plate04	Luminescence	L	32	C-11		C-11	NA	Negative Control	98595	NA	-0.010893065282221566	NA	c6385
Plate04	Luminescence	L	33	C-11		C-11	NA	Negative Control	107920	NA	0.012477362856341026	NA	c6385
Plate04	Luminescence	L	34	C-11		C-11	NA	Negative Control	105874	NA	0.007349652832587651	NA	c6385
Plate04	Luminescence	L	35	C-11		C-11	NA	Negative Control	99223	NA	-0.009319164062809736	NA	c6385
Plate04	Luminescence	L	36	C-11		C-11	NA	Negative Control	92462	NA	-0.02626366429281726	NA	c6385
Plate04	Luminescence	L	37	C-11		C-11	NA	Negative Control	103902	NA	0.0024074025066630096	NA	c6385
Plate04	Luminescence	L	38	C-11		C-11	NA	Negative Control	103702	NA	0.001906160080098918	NA	c6385
Plate04	Luminescence	L	39	C-11		C-11	NA	Negative Control	97340	NA	-0.014038361508912989	NA	c6385
Plate04	Luminescence	L	40	C-11		C-11	NA	Negative Control	93204	NA	-0.02440405489026368	NA	c6385
Plate04	Luminescence	L	41	C-11		C-11	NA	Negative Control	90226	NA	-0.03186755462180673	NA	c6385
Plate04	Luminescence	L	42	C-11		C-11	NA	Negative Control	100022	NA	-0.007316700568685317	NA	c6385
Plate04	Luminescence	L	43	C-11		C-11	NA	Negative Control	103388	NA	0.0011192094703929665	NA	c6385
Plate04	Luminescence	U	6	C-11		C-11	NA	Negative Control	114372	NA	0.028647443537306597	NA	c6385
Plate04	Luminescence	U	7	C-11		C-11	NA	Negative Control	116826	NA	0.03479768811125128	NA	c6385
Plate04	Luminescence	U	8	C-11		C-11	NA	Negative Control	117168	NA	0.03565481266067635	NA	c6385
Plate04	Luminescence	U	9	C-11		C-11	NA	Negative Control	119222	NA	0.040802572381492076	NA	c6385
Plate04	Luminescence	U	10	C-11		C-11	NA	Negative Control	109533	NA	0.01651988302658219	NA	c6385
Plate04	Luminescence	U	11	C-11		C-11	NA	Negative Control	116512	NA	0.034010737501545436	NA	c6385
Plate04	Luminescence	U	12	C-11		C-11	NA	Negative Control	109408	NA	0.016206606509979512	NA	c6385
Plate04	Luminescence	U	13	C-11		C-11	NA	Negative Control	112917	NA	0.02500090488405101	NA	c6385
Plate04	Luminescence	U	14	C-11		C-11	NA	Negative Control	91606	NA	-0.028408981878512662	NA	c6385
Plate04	Luminescence	U	15	C-11		C-11	NA	Negative Control	102047	NA	-0.0022416209997208687	NA	c6385
Plate04	Luminescence	U	16	C-11		C-11	NA	Negative Control	114519	NA	0.029015856720831575	NA	c6385
Plate04	Luminescence	U	17	C-11		C-11	NA	Negative Control	100564	NA	-0.005958333592695828	NA	c6385
Plate04	Luminescence	U	18	C-11		C-11	NA	Negative Control	91777	NA	-0.02798041960380044	NA	c6385
Plate04	Luminescence	U	19	C-11		C-11	NA	Negative Control	92234	NA	-0.026835080659100907	NA	c6385
Plate04	Luminescence	U	20	C-11		C-11	NA	Negative Control	92177	NA	-0.02697793475067149	NA	c6385
Plate04	Luminescence	U	21	C-11		C-11	NA	Negative Control	94658	NA	-0.020760022449141022	NA	c6385
Plate04	Luminescence	U	22	C-11		C-11	NA	Negative Control	94116	NA	-0.02211838942513011	NA	c6385
Plate04	Luminescence	U	23	C-11		C-11	NA	Negative Control	92975	NA	-0.024977977468679892	NA	c6385
Plate04	Luminescence	U	24	C-11		C-11	NA	Negative Control	109065	NA	0.01534697574842162	NA	c6385
Plate04	Luminescence	V	25	C-11		C-11	NA	Negative Control	91349	NA	-0.029053078396647922	NA	c6385
Plate04	Luminescence	V	26	C-11		C-11	NA	Negative Control	84982	NA	-0.045010131046324085	NA	c6385
Plate04	Luminescence	V	27	C-11		C-11	NA	Negative Control	88896	NA	-0.03520081675845971	NA	c6385
Plate04	Luminescence	V	28	C-11		C-11	NA	Negative Control	99793	NA	-0.00789062314710113	NA	c6385
Plate04	Luminescence	V	29	C-11		C-11	NA	Negative Control	92804	NA	-0.02540653974339237	NA	c6385
Plate04	Luminescence	V	30	C-11		C-11	NA	Negative Control	106269	NA	0.00833960662505249	NA	c6385
Plate04	Luminescence	V	31	C-11		C-11	NA	Negative Control	90860	NA	-0.03027861612959764	NA	c6385
Plate04	Luminescence	V	32	C-11		C-11	NA	Negative Control	99537	NA	-0.008532213453103494	NA	c6385
Plate04	Luminescence	V	33	C-11		C-11	NA	Negative Control	109351	NA	0.016063752418409037	NA	c6385
Plate04	Luminescence	V	34	C-11		C-11	NA	Negative Control	95372	NA	-0.018970586986306232	NA	c6385
Plate04	Luminescence	V	35	C-11		C-11	NA	Negative Control	85758	NA	-0.04306531043125435	NA	c6385
Plate04	Luminescence	V	36	C-11		C-11	NA	Negative Control	88183	NA	-0.036987746009161715	NA	c6385
Plate04	Luminescence	V	37	C-11		C-11	NA	Negative Control	93289	NA	-0.02419102685897394	NA	c6385
Plate04	Luminescence	V	38	C-11		C-11	NA	Negative Control	96598	NA	-0.015897970911466934	NA	c6385
Plate04	Luminescence	V	39	C-11		C-11	NA	Negative Control	110777	NA	0.019637610919812865	NA	c6385
Plate04	Luminescence	V	40	C-11		C-11	NA	Negative Control	104957	NA	0.005051456306790011	NA	c6385
Plate04	Luminescence	V	41	C-11		C-11	NA	Negative Control	104329	NA	0.0034775550873780356	NA	c6385
Plate04	Luminescence	V	42	C-11		C-11	NA	Negative Control	104116	NA	0.002943731903087225	NA	c6385
Plate04	Luminescence	V	43	C-11		C-11	NA	Negative Control	115556	NA	0.03161479870256786	NA	c6385
Plate05	Luminescence	K	6	C-11		C-11	NA	Negative Control	109921	NA	0.03136916810089245	NA	c6385
Plate05	Luminescence	K	7	C-11		C-11	NA	Negative Control	105842	NA	0.02139391383263202	NA	c6385
Plate05	Luminescence	K	8	C-11		C-11	NA	Negative Control	109493	NA	0.030322487829547874	NA	c6385
Plate05	Luminescence	K	9	C-11		C-11	NA	Negative Control	114771	NA	0.04322991416636479	NA	c6385
Plate05	Luminescence	K	10	C-11		C-11	NA	Negative Control	112860	NA	0.03855653566510335	NA	c6385
Plate05	Luminescence	K	11	C-11		C-11	NA	Negative Control	108067	NA	0.026835183934833508	NA	c6385
Plate05	Luminescence	K	12	C-11		C-11	NA	Negative Control	96284	NA	-0.001980315217632916	NA	c6385
Plate05	Luminescence	K	13	C-11		C-11	NA	Negative Control	104929	NA	0.019161158954740014	NA	c6385
Plate05	Luminescence	K	14	C-11		C-11	NA	Negative Control	111435	NA	0.035071677285041875	NA	c6385
Plate05	Luminescence	K	15	C-11		C-11	NA	Negative Control	103959	NA	0.01678900974164558	NA	c6385
Plate05	Luminescence	K	16	C-11		C-11	NA	Negative Control	101049	NA	0.009672562102362283	NA	c6385
Plate05	Luminescence	K	17	C-11		C-11	NA	Negative Control	96827	NA	-6.524007612305643e-4	NA	c6385
Plate05	Luminescence	K	18	C-11		C-11	NA	Negative Control	108010	NA	0.026695789599631082	NA	c6385
Plate05	Luminescence	K	19	C-11		C-11	NA	Negative Control	102332	NA	0.012810157401743698	NA	c6385
Plate05	Luminescence	K	20	C-11		C-11	NA	Negative Control	100535	NA	0.008415567570887322	NA	c6385
Plate05	Luminescence	K	21	C-11		C-11	NA	Negative Control	107696	NA	0.025927897998691354	NA	c6385
Plate05	Luminescence	K	22	C-11		C-11	NA	Negative Control	94402	NA	-0.006582773793967001	NA	c6385
Plate05	Luminescence	K	23	C-11		C-11	NA	Negative Control	96570	NA	-0.0012808980269680807	NA	c6385
Plate05	Luminescence	K	24	C-11		C-11	NA	Negative Control	96047	NA	-0.002559902190317115	NA	c6385
Plate05	Luminescence	L	25	C-11		C-11	NA	Negative Control	81080	NA	-0.03916191999689986	NA	c6385
Plate05	Luminescence	L	26	C-11		C-11	NA	Negative Control	94487	NA	-0.0063749050484897185	NA	c6385
Plate05	Luminescence	L	27	C-11		C-11	NA	Negative Control	95999	NA	-0.0026772868936454316	NA	c6385
Plate05	Luminescence	L	28	C-11		C-11	NA	Negative Control	97768	NA	0.001648828526936229	NA	c6385
Plate05	Luminescence	L	29	C-11		C-11	NA	Negative Control	95817	NA	-0.003122370560432271	NA	c6385
Plate05	Luminescence	L	30	C-11		C-11	NA	Negative Control	94722	NA	-0.005800209105111046	NA	c6385
Plate05	Luminescence	L	31	C-11		C-11	NA	Negative Control	95058	NA	-0.004978516181812403	NA	c6385
Plate05	Luminescence	L	32	C-11		C-11	NA	Negative Control	91898	NA	-0.012706342484264565	NA	c6385
Plate05	Luminescence	L	33	C-11		C-11	NA	Negative Control	93061	NA	-0.009862208943203906	NA	c6385
Plate05	Luminescence	L	34	C-11		C-11	NA	Negative Control	96513	NA	-0.0014202923621707193	NA	c6385
Plate05	Luminescence	L	35	C-11		C-11	NA	Negative Control	86682	NA	-0.025462146912615967	NA	c6385
Plate05	Luminescence	L	36	C-11		C-11	NA	Negative Control	95857	NA	-0.0030245499743250677	NA	c6385
Plate05	Luminescence	L	37	C-11		C-11	NA	Negative Control	97483	NA	9.518568509239621e-4	NA	c6385
Plate05	Luminescence	L	38	C-11		C-11	NA	Negative Control	97711	NA	0.0015094341917338398	NA	c6385
Plate05	Luminescence	L	39	C-11		C-11	NA	Negative Control	94830	NA	-0.00553609352262196	NA	c6385
Plate05	Luminescence	L	40	C-11		C-11	NA	Negative Control	97682	NA	0.0014385142668060943	NA	c6385
Plate05	Luminescence	L	41	C-11		C-11	NA	Negative Control	93318	NA	-0.009233711677466247	NA	c6385
Plate05	Luminescence	L	42	C-11		C-11	NA	Negative Control	89679	NA	-0.018132939498549612	NA	c6385
Plate05	Luminescence	L	43	C-11		C-11	NA	Negative Control	105124	NA	0.01963803431201173	NA	c6385
Plate05	Luminescence	U	6	C-11		C-11	NA	Negative Control	122846	NA	0.06297744498671351	NA	c6385
Plate05	Luminescence	U	7	C-11		C-11	NA	Negative Control	106583	NA	0.023206040190264114	NA	c6385
Plate05	Luminescence	U	8	C-11		C-11	NA	Negative Control	101407	NA	0.010548056348019594	NA	c6385
Plate05	Luminescence	U	9	C-11		C-11	NA	Negative Control	110606	NA	0.033044345637974475	NA	c6385
Plate05	Luminescence	U	10	C-11		C-11	NA	Negative Control	100507	NA	0.008347093160612535	NA	c6385
Plate05	Luminescence	U	11	C-11		C-11	NA	Negative Control	107199	NA	0.024712477216311615	NA	c6385
Plate05	Luminescence	U	12	C-11		C-11	NA	Negative Control	109793	NA	0.03105614222535019	NA	c6385
Plate05	Luminescence	U	13	C-11		C-11	NA	Negative Control	99879	NA	0.006811309958732511	NA	c6385
Plate05	Luminescence	U	14	C-11		C-11	NA	Negative Control	93281	NA	-0.009324195719615177	NA	c6385
Plate05	Luminescence	U	15	C-11		C-11	NA	Negative Control	101334	NA	0.01036953377837423	NA	c6385
Plate05	Luminescence	U	16	C-11		C-11	NA	Negative Control	93204	NA	-0.009512500347871275	NA	c6385
Plate05	Luminescence	U	17	C-11		C-11	NA	Negative Control	91264	NA	-0.014256798774060353	NA	c6385
Plate05	Luminescence	U	18	C-11		C-11	NA	Negative Control	100849	NA	0.009183459171827228	NA	c6385
Plate05	Luminescence	U	19	C-11		C-11	NA	Negative Control	92405	NA	-0.01146646655535822	NA	c6385
Plate05	Luminescence	U	20	C-11		C-11	NA	Negative Control	95845	NA	-0.0030538961501572004	NA	c6385
Plate05	Luminescence	U	21	C-11		C-11	NA	Negative Control	88782	NA	-0.02032656614199893	NA	c6385
Plate05	Luminescence	U	22	C-11		C-11	NA	Negative Control	94801	NA	-0.005607013447549492	NA	c6385
Plate05	Luminescence	U	23	C-11		C-11	NA	Negative Control	92445	NA	-0.011368645969251301	NA	c6385
Plate05	Luminescence	U	24	C-11		C-11	NA	Negative Control	104615	NA	0.018393267353800428	NA	c6385
Plate05	Luminescence	V	25	C-11		C-11	NA	Negative Control	91321	NA	-0.014117404438857822	NA	c6385
Plate05	Luminescence	V	26	C-11		C-11	NA	Negative Control	91064	NA	-0.014745901704595124	NA	c6385
Plate05	Luminescence	V	27	C-11		C-11	NA	Negative Control	93774	NA	-0.008118556995846777	NA	c6385
Plate05	Luminescence	V	28	C-11		C-11	NA	Negative Control	92433	NA	-0.011397992145083326	NA	c6385
Plate05	Luminescence	V	29	C-11		C-11	NA	Negative Control	91948	NA	-0.012584066751630863	NA	c6385
Plate05	Luminescence	V	30	C-11		C-11	NA	Negative Control	84646	NA	-0.030441214745461822	NA	c6385
Plate05	Luminescence	V	31	C-11		C-11	NA	Negative Control	87345	NA	-0.023840770697892505	NA	c6385
Plate05	Luminescence	V	32	C-11		C-11	NA	Negative Control	85443	NA	-0.02849213956727994	NA	c6385
Plate05	Luminescence	V	33	C-11		C-11	NA	Negative Control	92503	NA	-0.01122680611939645	NA	c6385
Plate05	Luminescence	V	34	C-11		C-11	NA	Negative Control	85844	NA	-0.027511488191557402	NA	c6385
Plate05	Luminescence	V	35	C-11		C-11	NA	Negative Control	76828	NA	-0.04956024830007281	NA	c6385
Plate05	Luminescence	V	36	C-11		C-11	NA	Negative Control	88211	NA	-0.021722955008676353	NA	c6385
Plate05	Luminescence	V	37	C-11		C-11	NA	Negative Control	88012	NA	-0.02220961242455859	NA	c6385
Plate05	Luminescence	V	38	C-11		C-11	NA	Negative Control	79226	NA	-0.04369590416295898	NA	c6385
Plate05	Luminescence	V	39	C-11		C-11	NA	Negative Control	92776	NA	-0.010559180619216067	NA	c6385
Plate05	Luminescence	V	40	C-11		C-11	NA	Negative Control	91264	NA	-0.014256798774060353	NA	c6385
Plate05	Luminescence	V	41	C-11		C-11	NA	Negative Control	84889	NA	-0.02984695468486175	NA	c6385
Plate05	Luminescence	V	42	C-11		C-11	NA	Negative Control	102675	NA	0.013648968927611348	NA	c6385
Plate05	Luminescence	V	43	C-11		C-11	NA	Negative Control	94145	NA	-0.007211271059704482	NA	c6385
Plate06	Luminescence	K	6	C-11		C-11	NA	Negative Control	72893	NA	0.04388064677085411	NA	c6385
Plate06	Luminescence	K	7	C-11		C-11	NA	Negative Control	67788	NA	0.02159859589515284	NA	c6385
Plate06	Luminescence	K	8	C-11		C-11	NA	Negative Control	60058	NA	-0.012140924823587777	NA	c6385
Plate06	Luminescence	K	9	C-11		C-11	NA	Negative Control	67017	NA	0.01823337332411177	NA	c6385
Plate06	Luminescence	K	10	C-11		C-11	NA	Negative Control	71353	NA	0.03715893112960438	NA	c6385
Plate06	Luminescence	K	11	C-11		C-11	NA	Negative Control	74833	NA	0.05234826257866228	NA	c6385
Plate06	Luminescence	K	12	C-11		C-11	NA	Negative Control	63452	NA	0.002673038089660033	NA	c6385
Plate06	Luminescence	K	13	C-11		C-11	NA	Negative Control	71296	NA	0.03691014035587001	NA	c6385
Plate06	Luminescence	K	14	C-11		C-11	NA	Negative Control	73293	NA	0.04562654693741255	NA	c6385
Plate06	Luminescence	K	15	C-11		C-11	NA	Negative Control	64536	NA	0.007404427541033377	NA	c6385
Plate06	Luminescence	K	16	C-11		C-11	NA	Negative Control	67959	NA	0.02234496821635654	NA	c6385
Plate06	Luminescence	K	17	C-11		C-11	NA	Negative Control	59031	NA	-0.01662352350122614	NA	c6385
Plate06	Luminescence	K	18	C-11		C-11	NA	Negative Control	74897	NA	0.05262760660531136	NA	c6385
Plate06	Luminescence	K	19	C-11		C-11	NA	Negative Control	67959	NA	0.02234496821635654	NA	c6385
Plate06	Luminescence	K	20	C-11		C-11	NA	Negative Control	66333	NA	0.01524788403929689	NA	c6385
Plate06	Luminescence	K	21	C-11		C-11	NA	Negative Control	72722	NA	0.04313427444965009	NA	c6385
Plate06	Luminescence	K	22	C-11		C-11	NA	Negative Control	64479	NA	0.007155636767298968	NA	c6385
Plate06	Luminescence	K	23	C-11		C-11	NA	Negative Control	67303	NA	0.019481691943200558	NA	c6385
Plate06	Luminescence	K	24	C-11		C-11	NA	Negative Control	65734	NA	0.012633398539875348	NA	c6385
Plate06	Luminescence	L	25	C-11		C-11	NA	Negative Control	58061	NA	-0.02085733140513041	NA	c6385
Plate06	Luminescence	L	26	C-11		C-11	NA	Negative Control	56718	NA	-0.02671919121435008	NA	c6385
Plate06	Luminescence	L	27	C-11		C-11	NA	Negative Control	60002	NA	-0.012385350846905917	NA	c6385
Plate06	Luminescence	L	28	C-11		C-11	NA	Negative Control	71296	NA	0.03691014035587001	NA	c6385
Plate06	Luminescence	L	29	C-11		C-11	NA	Negative Control	61798	NA	-0.004546259099058894	NA	c6385
Plate06	Luminescence	L	30	C-11		C-11	NA	Negative Control	62283	NA	-0.0024293551471065203	NA	c6385
Plate06	Luminescence	L	31	C-11		C-11	NA	Negative Control	57434	NA	-0.023594029916210756	NA	c6385
Plate06	Luminescence	L	32	C-11		C-11	NA	Negative Control	70691	NA	0.03426946635395015	NA	c6385
Plate06	Luminescence	L	33	C-11		C-11	NA	Negative Control	63138	NA	0.0013025064589116799	NA	c6385
Plate06	Luminescence	L	34	C-11		C-11	NA	Negative Control	61912	NA	-0.004048677551589854	NA	c6385
Plate06	Luminescence	L	35	C-11		C-11	NA	Negative Control	65220	NA	0.01038991682584832	NA	c6385
Plate06	Luminescence	L	36	C-11		C-11	NA	Negative Control	56093	NA	-0.029447160224597375	NA	c6385
Plate06	Luminescence	L	37	C-11		C-11	NA	Negative Control	63709	NA	0.0037947789466736275	NA	c6385
Plate06	Luminescence	L	38	C-11		C-11	NA	Negative Control	61056	NA	-0.0077849039080245454	NA	c6385
Plate06	Luminescence	L	39	C-11		C-11	NA	Negative Control	58831	NA	-0.01749647358450539	NA	c6385
Plate06	Luminescence	L	40	C-11		C-11	NA	Negative Control	67189	NA	0.018984110395731613	NA	c6385
Plate06	Luminescence	L	41	C-11		C-11	NA	Negative Control	61398	NA	-0.006292159265617043	NA	c6385
Plate06	Luminescence	L	42	C-11		C-11	NA	Negative Control	61085	NA	-0.007658326145948937	NA	c6385
Plate06	Luminescence	L	43	C-11		C-11	NA	Negative Control	60492	NA	-0.010246623142871943	NA	c6385
Plate06	Luminescence	U	6	C-11		C-11	NA	Negative Control	65649	NA	0.012262394754481822	NA	c6385
Plate06	Luminescence	U	7	C-11		C-11	NA	Negative Control	60685	NA	-0.009404226312507626	NA	c6385
Plate06	Luminescence	U	8	C-11		C-11	NA	Negative Control	61826	NA	-0.004424046087399681	NA	c6385
Plate06	Luminescence	U	9	C-11		C-11	NA	Negative Control	63851	NA	0.004414573505801881	NA	c6385
Plate06	Luminescence	U	10	C-11		C-11	NA	Negative Control	67702	NA	0.02122322735934266	NA	c6385
Plate06	Luminescence	U	11	C-11		C-11	NA	Negative Control	63138	NA	0.0013025064589116799	NA	c6385
Plate06	Luminescence	U	12	C-11		C-11	NA	Negative Control	64764	NA	0.008399590635971649	NA	c6385
Plate06	Luminescence	U	13	C-11		C-11	NA	Negative Control	60837	NA	-0.008740784249215094	NA	c6385
Plate06	Luminescence	U	14	C-11		C-11	NA	Negative Control	57234	NA	-0.024466979999489623	NA	c6385
Plate06	Luminescence	U	15	C-11		C-11	NA	Negative Control	58289	NA	-0.019862168310192076	NA	c6385
Plate06	Luminescence	U	16	C-11		C-11	NA	Negative Control	59887	NA	-0.012887297144791449	NA	c6385
Plate06	Luminescence	U	17	C-11		C-11	NA	Negative Control	62220	NA	-0.002704334423339464	NA	c6385
Plate06	Luminescence	U	18	C-11		C-11	NA	Negative Control	58475	NA	-0.01905032473274256	NA	c6385
Plate06	Luminescence	U	19	C-11		C-11	NA	Negative Control	62254	NA	-0.002555932909182002	NA	c6385
Plate06	Luminescence	U	20	C-11		C-11	NA	Negative Control	54931	NA	-0.03451900020844941	NA	c6385
Plate06	Luminescence	U	21	C-11		C-11	NA	Negative Control	58590	NA	-0.018548378434856776	NA	c6385
Plate06	Luminescence	U	22	C-11		C-11	NA	Negative Control	61256	NA	-0.006911953824745201	NA	c6385
Plate06	Luminescence	U	23	C-11		C-11	NA	Negative Control	56521	NA	-0.027579047046379982	NA	c6385
Plate06	Luminescence	U	24	C-11		C-11	NA	Negative Control	65962	NA	0.013628561634813938	NA	c6385
Plate06	Luminescence	V	25	C-11		C-11	NA	Negative Control	58860	NA	-0.017369895822430193	NA	c6385
Plate06	Luminescence	V	26	C-11		C-11	NA	Negative Control	59060	NA	-0.016496945739150847	NA	c6385
Plate06	Luminescence	V	27	C-11		C-11	NA	Negative Control	61484	NA	-0.005916790729807215	NA	c6385
Plate06	Luminescence	V	28	C-11		C-11	NA	Negative Control	58232	NA	-0.02011095908392655	NA	c6385
Plate06	Luminescence	V	29	C-11		C-11	NA	Negative Control	62454	NA	-0.0016829828259031345	NA	c6385
Plate06	Luminescence	V	30	C-11		C-11	NA	Negative Control	61570	NA	-0.005541422193997134	NA	c6385
Plate06	Luminescence	V	31	C-11		C-11	NA	Negative Control	58118	NA	-0.020608540631395653	NA	c6385
Plate06	Luminescence	V	32	C-11		C-11	NA	Negative Control	59202	NA	-0.0158771511800225	NA	c6385
Plate06	Luminescence	V	33	C-11		C-11	NA	Negative Control	61256	NA	-0.006911953824745201	NA	c6385
Plate06	Luminescence	V	34	C-11		C-11	NA	Negative Control	57548	NA	-0.02309644836874168	NA	c6385
Plate06	Luminescence	V	35	C-11		C-11	NA	Negative Control	58232	NA	-0.02011095908392655	NA	c6385
Plate06	Luminescence	V	36	C-11		C-11	NA	Negative Control	60429	NA	-0.010521602419104633	NA	c6385
Plate06	Luminescence	V	37	C-11		C-11	NA	Negative Control	57291	NA	-0.024218189225755086	NA	c6385
Plate06	Luminescence	V	38	C-11		C-11	NA	Negative Control	59830	NA	-0.01313608791852589	NA	c6385
Plate06	Luminescence	V	39	C-11		C-11	NA	Negative Control	62596	NA	-0.0010631882667749763	NA	c6385
Plate06	Luminescence	V	40	C-11		C-11	NA	Negative Control	62451	NA	-0.0016960770771521953	NA	c6385
Plate06	Luminescence	V	41	C-11		C-11	NA	Negative Control	59117	NA	-0.016248154965416345	NA	c6385
Plate06	Luminescence	V	42	C-11		C-11	NA	Negative Control	58375	NA	-0.019486799774382123	NA	c6385
Plate06	Luminescence	V	43	C-11		C-11	NA	Negative Control	63641	NA	0.0034979759183588633	NA	c6385
Plate01	Luminescence	W	41	OCNT-2317298	AA-004	OCNT-2317298||NA|NA|AA-004	5.153544711123203e-9	Library	118509	NA	0.016910329701365988	NA	c6385
Plate01	Luminescence	X	41	OCNT-2317298	AA-004	OCNT-2317298||NA|NA|AA-004	1.544134450876894e-8	Library	134944	NA	0.05746456899777275	NA	c6385
Plate01	Luminescence	Y	41	OCNT-2317298	AA-004	OCNT-2317298||NA|NA|AA-004	4.632403352630681e-8	Library	207490	NA	0.2364756942790089	NA	c6385
Plate01	Luminescence	Z	41	OCNT-2317298	AA-004	OCNT-2317298||NA|NA|AA-004	1.544134450876893e-7	Library	323847	NA	0.5235927993481901	NA	c6385
Plate01	Luminescence	AA	41	OCNT-2317298	AA-004	OCNT-2317298||NA|NA|AA-004	4.022399861865047e-7	Library	495634	NA	0.9474863865713005	NA	c6385
Plate01	Luminescence	AB	41	OCNT-2317298	AA-004	OCNT-2317298||NA|NA|AA-004	1.608959944746019e-6	Library	499877	NA	0.9579562154325522	NA	c6385
Plate01	Luminescence	AC	41	OCNT-2317298	AA-004	OCNT-2317298||NA|NA|AA-004	4.826879834238057e-6	Library	580175	NA	1.1560958142778737	NA	c6385
Plate01	Luminescence	AD	41	OCNT-2317298	AA-004	OCNT-2317298||NA|NA|AA-004	1.65016501650165e-5	Library	633097	NA	1.2866836726316586	NA	c6385
Plate01	Luminescence	AE	41	OCNT-2317298	AA-004	OCNT-2317298||NA|NA|AA-004	4.950495049504951e-5	Library	714941	NA	1.488638108955061	NA	c6385
